링크,human_label
https://blog.naver.com/realnogun/222399559227,1
https://blog.naver.com/here_i/223920754321,1
https://blog.naver.com/yukihana96/223202757134,1
https://blog.naver.com/9101s/223839271842,1
https://blog.naver.com/wqfavx3175721/224090488369,1
https://blog.naver.com/dbsgns2011/223897480850,1
https://blog.naver.com/ghnfhlllk88sdf871/224102143752,0
https://blog.naver.com/ksw_a/223854676520,1
https://blog.naver.com/h950803/223954087367,0
https://blog.naver.com/fje0978bb/223998923251,0
https://blog.naver.com/sodlfmadms522/224038114604,0
https://blog.naver.com/bird6483/224096097021,0
https://blog.naver.com/orujp6870012/224101295676,0
https://blog.naver.com/twvgmm5489/224093588067,0
https://blog.naver.com/zizonhjh/223537372059,1
https://blog.naver.com/zizonhjh/223671457185,0
https://blog.naver.com/panlater/221793531071,0
https://blog.naver.com/jtxmgrev239549/224095661516,1
https://blog.naver.com/dlxhfl92/224092292793,0
https://blog.naver.com/zestgo/223663051454,0
https://blog.naver.com/rsgofgkc7363820/224099801147,0
https://blog.naver.com/eyvtkpvqwqy/224097603012,0
https://nohji.com/m/5489,0
https://blog.naver.com/tnrua34/224040284833,0
https://blog.naver.com/kohk94/223680954993,0
https://blog.naver.com/jngs10000/224050956318,0
https://blog.naver.com/al_satang/224029519559,0
https://blog.naver.com/iikuakchyexm/224106290463,0
https://blog.naver.com/vikwmvz3755/224092432824,0
https://blog.naver.com/rit2mao/224100764351,1
https://blog.naver.com/zerobity/223804430408,1
https://blog.naver.com/soary81/223918362504,1
https://blog.naver.com/2k1y4/223745892366,0
https://blog.naver.com/kdj111111111/223961024985,0
https://blog.naver.com/sia_yaa/224073127094,0
https://blog.naver.com/zmsgfc/223904051280,0
https://blog.naver.com/dksjem/224091008732,1
https://blog.naver.com/hyehun15/224076305379,0
https://blog.naver.com/bcgvw943j/224105572589,0
https://blog.naver.com/schmd98/223926643480,0
https://blog.naver.com/uz_1016/222959343868,1
https://blog.naver.com/growo/223448493848,0
https://blog.naver.com/ckwldud1/223902683029,0
https://blog.naver.com/xenicsholic/223853044276,0
https://blog.naver.com/u3u1h13jnlj/224104615853,0
https://blog.naver.com/thsrkdwk/221449281099,1
https://blog.naver.com/chaosily/223903037729,0
https://blog.naver.com/gompang_eee/223854615448,0
https://blog.naver.com/boochan98/223313757301,1
https://sam209.tistory.com/225985,0
https://blog.naver.com/the-woman/223453499695,0
https://blog.naver.com/qkrdbwjd0302/224101217053,0
https://blog.naver.com/iffu/223916336897,0
https://blog.naver.com/bbekimha/223926303287,0
https://blog.naver.com/jjhhmy/223870975673,0
https://blog.naver.com/jjang986/223897986356,0
https://blog.naver.com/aru_mommy/224028882320,0
https://blog.naver.com/chami2015/224090852988,0
https://blog.naver.com/fdgerwryer660/224078153642,0
https://blog.naver.com/ehs311/224052138252,0
https://blog.naver.com/kk0jjin/223875003239,0
https://blog.naver.com/ckwldud1/224054174496,0
https://blog.naver.com/enterrental/224057706874,1
https://blog.naver.com/airbag1/223356591209,1
https://blog.naver.com/dojuk45/222077649543,1
https://blog.naver.com/1godqhr12/224095875855,0
https://blog.naver.com/playmyworld/223908923552,1
https://blog.naver.com/bpiterpen/224023911241,0
https://blog.naver.com/mih1533/223977580185,0
https://blog.naver.com/2gwoo/223730889872,1
https://blog.naver.com/nahanjuu/224034948251,1
https://blog.naver.com/sdfhjksd747/224087460997,1
https://blog.naver.com/rmwcadwig/224088623243,1
https://blog.naver.com/tazsun20/223951400033,1
https://blog.naver.com/ksw_a/224035252547,0
https://blog.naver.com/dksalscjswo/223867749354,0
https://blog.naver.com/iamkimcoco/222683695195,1
https://blog.naver.com/oksk2002kr/223586729716,1
https://blog.naver.com/dsw99248/224065500954,0
https://blog.naver.com/sog0129/223825140874,1
https://blog.naver.com/zmsgfc/224078651354,1
https://blog.naver.com/qkydmkmazbs/224105568845,1
https://blog.naver.com/herwardrobe/223896643599,0
https://blog.naver.com/yj_choi0612/224064050443,1
https://blog.naver.com/shinkumhwa1/223910818494,0
https://blog.naver.com/qaewgaverb165/224097458119,0
https://blog.naver.com/dicagallery/223993993996,0
https://blog.naver.com/doal722/222615905240,1
https://blog.naver.com/govkf8133/224035166601,0
https://blog.naver.com/webdeveloping/223875911763,0
https://blog.naver.com/xenicsholic/224048407640,0
https://blog.naver.com/gwoyeh/224099665522,0
https://blog.naver.com/wkfka88/224051254424,0
https://blog.naver.com/dosal2/224085017478,0
https://blog.naver.com/nemonangoom/223687785180,0
https://blog.naver.com/dogslife78/224104918255,0
https://blog.naver.com/todshrck/222228603650,1
https://blog.naver.com/asgffsdgw12/224080075671,1
https://blog.naver.com/movabrave/223460044479,0
https://blog.naver.com/woknv262503/224102989381,1
https://blog.naver.com/iittiiyy/223262737362,0
https://blog.naver.com/hoonyhoon22/223320805547,0
https://blog.naver.com/virsouso/150133842220,0
https://blog.naver.com/kim1942k/30134679299,0
https://blog.naver.com/rrolpp/221144775670,0
https://blog.naver.com/happihag/223379170761,0
https://blog.naver.com/dabigirl3/220129570405,0
https://blog.naver.com/mminghair/223715248529,0
https://blog.naver.com/every3041/221925779847,0
https://blog.naver.com/planet_cel/220918205734,0
https://blog.naver.com/duswns202/223744020493,0
https://blog.naver.com/zzxx2424/223365580955,0
https://blog.naver.com/modelltwo/221343642903,0
https://blog.naver.com/sits0/222466118073,0
https://blog.naver.com/kbjgpfks/221298177653,0
https://blog.naver.com/lizzpiall/220607123804,0
https://blog.naver.com/flythfk2/223513492062,0
https://blog.naver.com/dy224/221145173133,0
https://blog.naver.com/klylsl/223955166116,0
https://blog.naver.com/crystalby/221177851727,0
https://blog.naver.com/hyunjiiu/223432452510,0
https://blog.naver.com/p1230jh/223599873347,0
https://blog.naver.com/musicafesenn/220794398425,0
https://blog.naver.com/designbain/223151043149,0
https://blog.naver.com/dlrwnsaka/223700632430,0
https://blog.naver.com/seongsyeon/223948069362,0
https://blog.naver.com/xenicsholic/222832641465,0
https://blog.naver.com/kong2_95/223769954312,0
https://blog.naver.com/sora1004r/60173729908,0
https://blog.naver.com/0630seungji/221965758161,0
https://blog.naver.com/dadanorriter/221212894148,0
https://blog.naver.com/it_gamemaker/223774695912,0
https://blog.naver.com/chichitable/223298318999,0
https://blog.naver.com/rora_0624/223826785612,0
https://blog.naver.com/ejrrl7887/223889435638,0
https://blog.naver.com/xenicsholic/221542674297,0
https://blog.naver.com/1234qudals/224079306641,0
https://blog.naver.com/tubecola/221526302953,0
https://blog.naver.com/dsadzv55318/224096277210,0
https://blog.naver.com/koo87vgranbelll/222238171122,0
https://blog.naver.com/yummm0525/222955474669,0
https://blog.naver.com/gomangomanz/224023555273,0
https://blog.naver.com/insightmedia/223720913031,0
https://blog.naver.com/manriartmakers/224010026271,0
https://blog.naver.com/rasberry-/221470462005,0
https://blog.naver.com/chre32/222927656083,0
https://blog.naver.com/wwwwowow/221661498399,0
https://blog.naver.com/rara4000/221611341415,0
https://blog.naver.com/nazi84/223963531413,0
https://blog.naver.com/information10/222936013989,0
https://blog.naver.com/youth_1986/223695154056,0
https://blog.naver.com/modelltwo/222271323160,0
https://blog.naver.com/jhr050318/223421134575,0
https://blog.naver.com/xdlovebx/221427559437,0
https://blog.naver.com/solsolharu/223827292238,0
https://blog.naver.com/2bdabest/223908026953,0
https://blog.naver.com/eunmi1242/222789807066,0
https://blog.naver.com/nukeopta/223739119277,0
https://blog.naver.com/jhrjdwn1/222788587276,0
https://blog.naver.com/digizensys/220204993981,0
https://blog.naver.com/kimjinmountain/224064974296,0
https://blog.naver.com/musicits/222825707113,0
https://blog.naver.com/dkdksk44/224102819923,0
https://blog.naver.com/e-damdamall/224084298573,0
https://blog.naver.com/stitchnsa/223983090492,0
https://blog.naver.com/jootime/223311662513,0
https://blog.naver.com/rlfehdud/224001120839,0
https://blog.naver.com/dimdfhhss/220383461830,0
https://blog.naver.com/dud_9350/223056050818,0
https://blog.naver.com/ojs719/224030291513,0
https://blog.naver.com/xenicsholic/220188858035,0
https://blog.naver.com/gyl7177/221401485102,0
https://blog.naver.com/mypcshop_official/223279047241,0
https://blog.naver.com/flythfk2/223677100472,0
https://blog.naver.com/syh5524/222890842883,0
https://blog.naver.com/anjela0520/223976640986,0
https://blog.naver.com/id1012004/220173688071,0
https://blog.naver.com/hapipink/223192468862,0
https://blog.naver.com/kim1942k/30134676838,0
https://blog.naver.com/halilove7481/224025927227,0
https://blog.naver.com/shoe-re/223485539018,0
https://blog.naver.com/myamy0m/223929161402,0
https://blog.naver.com/wildone03/222465035631,0
https://blog.naver.com/boram986/220657283416,0
https://blog.naver.com/hyuny1009/224101044304,0
https://blog.naver.com/ma_bback777/224076944338,0
https://blog.naver.com/myqnamyqna/222115539749,0
https://blog.naver.com/family_yes/224098067360,0
https://blog.naver.com/happyhkt/222593149057,0
https://blog.naver.com/dalcome5/223206355914,0
https://blog.naver.com/heb9307/223993989435,0
https://blog.naver.com/shin_md1/223007595876,0
https://blog.naver.com/cjycjy8237/221183173838,0
https://blog.naver.com/it_gamemaker/223643183463,0
https://blog.naver.com/ziibbi/224095952857,0
https://blog.naver.com/gal509/50130502656,0
https://blog.naver.com/ybs00112573/221546650415,0
https://blog.naver.com/it_gamemaker/223714124461,0
https://blog.naver.com/my_joo_/222857621001,0
https://blog.naver.com/ymflyhigh/221039484646,0
https://blog.naver.com/sd0zz5wh3ra0g/224085803597,1
https://blog.naver.com/dfgdfikh522/224095269753,1
https://dreamon-se.tistory.com/38,0
https://blog.naver.com/dog4105/223732886875,1
https://blog.naver.com/hodong1_/223501416616,1
https://blog.naver.com/anarita/223843715183,1
https://blog.naver.com/lifelectronics/223872452112,1
https://blog.naver.com/lovonly4u/224097059379,1
https://blog.naver.com/flythfk2/223239122579,1
https://blog.naver.com/qlcsk1129/224077418893,0
https://blog.naver.com/obama8775/223712047253,0
https://blog.naver.com/itexpert/223727344884,1
https://blog.naver.com/kts5257/224064106159,1
https://blog.naver.com/xenicsholic/223833615596,1
https://blog.naver.com/2gwoo/223840686733,1
https://blog.naver.com/ybkkftm518/224101940692,1
https://blog.naver.com/ssopiya/224051040211,1
https://blog.naver.com/dsw99248/224065500954,0
https://blog.naver.com/vh6zst/224099795709,0
https://blog.naver.com/deadlyrave/223519784299,1
https://blog.naver.com/dksjem/224091008732,1
https://blog.naver.com/xhalrjs/224093352036,0
https://blog.naver.com/blackman052/223779754677,0
https://blog.naver.com/aaa9a/223488885588,1
https://blog.naver.com/herwardrobe/223896643599,0
https://blog.naver.com/xxhcqtrvgoj1p/224104315122,0
https://blog.naver.com/yukihana96/223141831613,1
https://its.tistory.com/2475435,1
https://blog.naver.com/kygqiaox3800/223941945095,0
https://blog.naver.com/tnrua34/224040284833,1
https://blog.naver.com/jwrdeqa/224104333733,0
https://blog.naver.com/hyjueng/223749045443,1
https://blog.naver.com/choakk/223592776785,1
https://blog.naver.com/playmyworld/223908923552,0
https://blog.naver.com/dicagallery/222576293445,1
https://blog.naver.com/creatorlupa/223946118148,0
https://blog.naver.com/ahe98161/224091540004,0
https://blog.naver.com/dsfgsdgfg697/224105107747,1
https://blog.naver.com/celine324/224002407267,1
https://blog.naver.com/kimringo7/224078160962,1
https://blog.naver.com/aspaxvuykid/224095021600,0
https://blog.naver.com/lpg3388/223724066685,0
https://blog.naver.com/dnear403/224092169169,0
https://blog.naver.com/vpqytzlmq/224086251772,0
https://blog.naver.com/s_joinxoxo/223987758892,1
https://blog.naver.com/ckwldud1/224054174496,0
https://blog.naver.com/bvcfvbdf84/224096151904,0
https://blog.naver.com/sfpdswat/224092437234,1
https://blog.naver.com/uck6wkobtoo/224105289568,0
https://blog.naver.com/qpqaorzz/224101832545,0
https://blog.naver.com/snoopyjk/222515714519,0
https://blog.naver.com/mjm7028/221682292713,0
https://blog.naver.com/drake1215/224098570607,0
https://blog.naver.com/segtree/80203955916,0
https://blog.naver.com/heung213/224039019917,0
https://blog.naver.com/kiss9877/222931921915,0
https://blog.naver.com/chikinbanana/224096026696,0
https://blog.naver.com/velocitizen/223502167266,0
https://blog.naver.com/jhk7318/220364869988,0
https://blog.naver.com/flythfk2/223677100472,0
https://blog.naver.com/frashart/221632732902,0
https://blog.naver.com/ppoby1004/223916462444,0
https://blog.naver.com/choakk/221246198783,0
https://blog.naver.com/lucky_box7/223966181895,0
https://blog.naver.com/yoondori_house/224070290874,0
https://blog.naver.com/choakk/220864447615,0
https://blog.naver.com/meonmoong/224072837227,0
https://blog.naver.com/drake1215/223822230614,0
https://blog.naver.com/channu1250/223891194239,0
https://blog.naver.com/cyg0703nani/223983780577,0
https://blog.naver.com/rladudrhkd31/223968758897,0
https://blog.naver.com/bluecorps/223262049207,0
https://blog.naver.com/ppoby1004/224063237175,0
https://blog.naver.com/iris2733/222618951879,0
https://blog.naver.com/sanghyo1026/223659100900,0
https://blog.naver.com/kdhjs2/222548194229,0
https://blog.naver.com/lpg3388/220829990060,0
https://blog.naver.com/raybolt_review/222929052616,0
https://no1wowpass.tistory.com/3743,0
https://blog.naver.com/flythfk2/223513492062,0
https://blog.naver.com/alstmdrl1112/223675010476,0
https://blog.naver.com/djusti/223529120175,0
https://blog.naver.com/sound8949/223751631740,0
https://blog.naver.com/dnjs8611/224077593699,0
https://blog.naver.com/felix355/223228160723,0
https://blog.naver.com/sunmmii09/223883073990,0
https://blog.naver.com/kcw767/220413587057,0
https://blog.naver.com/neulsing/223885831613,0
https://blog.naver.com/thdk0527/223291798393,0
https://blog.naver.com/raybolt_review/222635456855,0
https://blog.naver.com/jinnaya/20171614047,0
https://blog.naver.com/raybolt_review/223992401762,0
https://blog.naver.com/wotjd24680/220516664412,0
https://blog.naver.com/mjm7028/221304035851,0
https://blog.naver.com/psychiclove/223819121204,0
https://blog.naver.com/minheeso/224101018999,0
https://blog.naver.com/drake1215/223621485439,0
https://blog.naver.com/drake1215/224088405394,0
https://blog.naver.com/seojeong8024/223299353116,0
https://blog.naver.com/lia_il/224020270861,0
https://blog.naver.com/behappyalltoday/224071910790,1
https://blog.naver.com/ehgptn321/222793641198,1
https://blog.naver.com/cpa3556/224104008089,1
https://blog.naver.com/hoingk/223302938436,1
https://blog.naver.com/complete_inging/223699370769,1
https://blog.naver.com/xamlwo8j/224098566648,1
https://blog.naver.com/greenchic35/224080667940,1
https://blog.naver.com/minimumho/224081930178,1
https://blog.naver.com/et0_ile/224089207806,1
https://blog.naver.com/omaoyegtgp/224104138369,1
https://blog.naver.com/cashnow/224094541599,1
https://blog.naver.com/duroni/224079322388,1
https://blog.naver.com/gametube123/224072307799,1
https://blog.naver.com/okydokymacintosh/223984954600,0
https://blog.naver.com/dp355379/223382008468,0
https://blog.naver.com/babypotatoes/224103782387,1
https://blog.naver.com/mwhgruj/224106029237,1
https://blog.naver.com/sdhgdfhfgf294/224103826395,1
https://blog.naver.com/cqcyn1y/224100062246,1
https://blog.naver.com/xbg760/224092406654,1
https://blog.naver.com/adzzz434476/224101574326,1
https://blog.naver.com/phljd4473/224095442831,1
https://blog.naver.com/zxjkchzdskf200/224102117821,0
https://blog.naver.com/xamlwo8j/224100868956,1
https://blog.naver.com/ssuda92/223840106924,1
https://blog.naver.com/open8370/223767758434,0
https://blog.naver.com/2hpjnr/224098592903,0
https://blog.naver.com/happyeppi__/223196120810,1
https://blog.naver.com/modern_dyoni/223774583021,1
https://blog.naver.com/kongsomme/223684418185,1
https://blog.naver.com/hzxjqkx272/224098424199,1
https://blog.naver.com/pepper-_-/223892310198,1
https://blog.naver.com/vnq3erwjvkbak/224094087050,1
https://blog.naver.com/jelly27_/223895966766,1
https://blog.naver.com/khs25210/222948376664,1
https://blog.naver.com/auhhvgh7id/224093860902,0
https://blog.naver.com/dhgdgfsh397/224101775893,0
https://blog.naver.com/lg4600/224046557205,0
https://blog.naver.com/pobzmnj5194/224099579272,0
https://blog.naver.com/gkfngkfn414/223433206852,1
https://blog.naver.com/sadgsaga162/224101178101,1
https://blog.naver.com/bpksx3eabmru/224092727791,1
https://blog.naver.com/dfgdfikh522/224088359195,0
https://blog.naver.com/vnnmprpof/224095147242,1
https://blog.naver.com/dltmdgns2525/224105281146,1
https://blog.naver.com/dizzyinnocenc1469/224032531091,1
https://blog.naver.com/million17/224086541915,1
https://blog.naver.com/kkkk___i_/224075891775,1
https://blog.naver.com/dsadzv55318/224078403613,1
https://blog.naver.com/pandasso/223580951279,1
